subject,year,available
経済学・経済政策,2012,TRUE
経済学・経済政策,2011,FALSE
経済学・経済政策,2010,FALSE
経済学・経済政策,2009,FALSE
経済学・経済政策,2008,FALSE
財務・会計,2012,TRUE
財務・会計,2011,TRUE
財務・会計,2010,TRUE
財務・会計,2009,FALSE
財務・会計,2008,FALSE
企業経営理論,2012,TRUE
企業経営理論,2011,FALSE
企業経営理論,2010,FALSE
企業経営理論,2009,FALSE
企業経営理論,2008,FALSE
運営管理,2012,FALSE
運営管理,2011,FALSE
運営管理,2010,FALSE
運営管理,2009,FALSE
運営管理,2008,FALSE
経営法務,2012,FALSE
経営法務,2011,FALSE
経営法務,2010,FALSE
経営法務,2009,FALSE
経営法務,2008,FALSE
経営情報システム,2012,FALSE
経営情報システム,2011,FALSE
経営情報システム,2010,FALSE
経営情報システム,2009,FALSE
経営情報システム,2008,FALSE
中小企業経営政策,2012,FALSE
中小企業経営政策,2011,FALSE
中小企業経営政策,2010,FALSE
中小企業経営政策,2009,FALSE
中小企業経営政策,2008,FALSE